Date,Time,Plot _Number,Subwatrshed_Location,Hydrogeomorphic_Classification,Vegataion_Type ,Percent_Canopy,Percent_Herb,Percent_Shrub,Percent_Bare,Percent_Litter,Percent_Rock,Percent_Woody,Percent_Water,Percent_DC,Grazing_Intensity,Percent_Trample,Percent_Hoof_Punch,Percent_DC_Grazed,Manure_Count,Water_Type_Within_5m ,Number_of_Streams,Water_Within_5m_Dist,Water_Type_Within_10m ,Number_of_Streams,Water_Within_10m_or_more_Dist,Strem_Width,Closest_Water_Distance,Water_Type,Prox_to_Restoration_m,Restoration_Location,Quantity_of_Restoration_Structures,Stream_Restoration_Type,Incised ,Bank_Sloughing ,Cattle_Impact_on_Stream,Cattle_Trail_Crossing_or_Bedding_Area,Stream_Impacts,Notes
8/4/2025,1:39 PM,111,CM,Discharge_Slope ,Fir_Shrub_Grass_Cedar_Forb_Sedge,20,90,NA,3,NA,0,5,7,12,None ,0,0,0,0,Sm_Scale_Drainage,1,0,None ,0,NA,NA,0,Sm_Scale_Drainage,NA,NA,NA,None,No ,No ,No,No,None ,
8/4/2025,1:39 PM,68,CM ,Discharge_Slope ,Shrub_Forb_Grass_Fir,5,10,NA,80,NA,30,15,0,0,None ,0,0,0,0,None ,0,NA,None ,0,NA,NA,NA,NA,NA,NA,NA,None,No ,No ,No,No,NA,Burnt woody debris 
8/4/2025,2:23 PM,73,CM,Discharge_Slope ,Grass_Sedge_Shrub_Forb ,0,90,NA,0,NA,5,0,8,70,None ,0,0,0,0,Sm_Scale_Drainage,1,0,None ,0,NA,NA,0,Sm_Scale_Drainage,NA,NA,NA,None,No ,No ,No,No,None ,
8/4/2025,2:23 PM,150,CM ,Discharge_Slope ,Grass_Pine_Cedar_Shrub_Forb_Fir ,35,20,NA,80,NA,10,8,0,0,None ,0,0,0,7,None ,0,NA,None ,0,NA,NA,NA,NA,NA,NA,NA,None,No ,No ,No,No,NA,
8/4/2025,3:13 PM,145,CM,Discharge_Slope ,Shrub_Grass_Sedge_Forb_Fir_Pine ,40,30,60,0,NA,5,8,5,25,None ,0,0,0,0,Sm_Scale_Drainage,1,0,None ,0,NA,NA,0,Sm_Scale_Drainage,NA,NA,NA,None,No ,No ,No,No,None ,"Very brushy, hard to manuver w/ all the Shrub "
8/4/2025,3:13 PM,142,CM ,Discharge_Slope ,Forb_Shrub_Fir_Pine_Sedge_Grass,5,50,25,0,NA,15,0,1,2,None ,0,0,0,1,Sm_Scale_Drainage,1,0,None ,0,NA,NA,0,Sm_Scale_Drainage,NA,NA,NA,None,No ,No ,Yes,No,None ,"Horsetail present, last year's manure "
8/4/2025,4:55 PM,49,CM,Discharge_Slope ,Forb_Grass_Shrub_Pine ,45,1,5,5,NA,0,5,0,0,None ,0,0,0,25,None ,0,NA,None ,0,NA,NA,NA,NA,NA,NA,NA,None,No ,No ,Yes,No,None ,Last year's manure 
8/4/2025,4:55 PM,130,CM ,Subsurface_Mid_Gradient,Shrub_Forb_Grass_Pine ,55,15,50,15,NA,1,0,0,0,High ,5,0,0,5,Sm_Scale_Drainage,1,2.5,None ,0,NA,NA,2.5,Sm_Scale_Drainage,NA,NA,NA,None,No ,No ,Yes,Yes,"Trampling, hoof punch, DC Grazed","Cows have been here recently, fresh manure, bedding area nearby, found cattle path leading to plot through Shrub "
8/4/2025,5:26 PM,29,CM,Dry,Forb_Pine_Fir_Grass_Shrub,15,20,25,5,NA,5,15,0,0,Moderate,20,0,0,2,Stream,1,1,None ,0,NA,NA,1,Stream,NA,NA,NA,None,Yes,Yes,No,No,"Incised, bank sloughing ",Near dry Stream
8/4/2025,5:26 PM,120,CM ,Dry,Grass_Forb_Shrub,5,30,3,5,NA,15,1,1,0,Low ,5,0,0,2,None ,0,NA,Stream ,1,14,3,14,Stream,2 downstream ,Downstream,2,Log_Jam ,No ,Yes,Yes,No,"Heavy trampling in main channel, bank sloughing on side channel, trampling Grasses around stream",
8/5/2025,10:50 AM,51,CM ,Riparian_High_Gradient,Rush_Sedge_Grass_Forb,0,90,0,5,NA,5,1,20,20,Moderate,0,10,2,3,Sm_Scale_Drainage,1,0,Stream ,1,18,3,0,Sm_Scale_Drainage,49,NA,49,Log_Jam ,Yes,Yes,Yes,No,"Incised, bank sloughing, trampling and hoof punch on streambank, manure in stream possibly causing a chemical reaction in stagent water, grazing","Cows have been here recently, fresh manure, Also we had to slightly move plot point to aviod impacting the cattle exclusion plot for the Seedbank Study"
8/5/2025,10:50 AM,79,RF,Riparian_Mid_Gradient,Grass_Forb,1,95,0,1,NA,0,2,1,0,High ,0,10,0,6,Sm_Scale_Drainage,1,> 1 away on either side of plot,None ,0,NA,NA,0.5,Sm_Scale_Drainage,1.5,NA,1.5,Log_Jam ,No ,No ,Yes,No,"Lots of hoof punch around sm. scale drainage outside of plot, 6"" diameter Log_Jam ","Manure fresh, recent cow sign"
8/5/2025,11:35 AM,1,RF,Riparian_Mid_Gradient,Shrub_Grass_Forb_Pine_Fir ,30,4,40,0,NA,40,40,0,0,Low ,0,0,0,0,None ,0,NA,Stream ,1,14,2,14,Stream,9 upstream 2 downstream,Both,2,BDA ,No ,No ,Yes,No,grazing and trampling on streambank,lots of downed trees and woody debris 
8/5/2025,11:35 AM,117,RF,Riparian_Mid_Gradient,Shrub_Forb_Grass_Sedge_Pine,25,3,20,5,NA,25,8,0,0,Low ,0,0,0,2,None ,0,NA,Stream ,1,7,2,7,Stream,9 upstream 13 downstream,Both,2,Both,Yes,No ,No,No,incised channel with maure along the streambanks ,
8/5/2025,12:28 PM,78,RF,Riparian_Mid_Gradient,Shrub_Forb_Pine_Fir_Grass,70,1,3,0,95,0,0,0,0,None ,25,0,0,6,None ,0,NA,None ,0,NA,NA,NA,NA,NA,NA,NA,None,No ,No ,Yes,No,,Manure and trampling are old 
8/5/2025,12:28 PM,37,RF,Riparian_Mid_Gradient,Forb_Shrub_Pine_Fir ,15,30,1,30,20,8,0,0,0,Low ,20,0,0,9,Sm_Scale_Drainage,1,2,Stream ,2,11 and 19,2,2,Sm_Scale_Drainage,.5 upstream,Upstream,1,BDA ,No ,Yes,Yes,No,"Grazing along streambed (DC munched), hoof punch and trampling, bank sloughing ",manure and grazing moght be old but hoof punch and trampling looks newer 
8/5/2025,1:21 PM,76,RF,Riparian_Mid_Gradient,Pine_Forb_Fir_Shrub_Grass,20,10,8,5,20,25,15,0,0,None ,20,0,0,4,Sm_Scale_Drainage,1,19,Stream ,1,23,2,19,Sm_Scale_Drainage,10.5 downstream ,Downstream,1,Log_Jam ,No ,No ,Yes,No,"Lots of trampling and grazing, hoof punch adjacent to water's edge, DC present ",Last year's manure 
8/5/2025,1:21 PM,95,RF,Riparian_Mid_Gradient,Grass_Forb_Pine_Sedge_Rush,5,90,0,5,0,1,20,25,0,Low ,25,30,0,2,None ,0,NA,Stream ,1,10.5,3,NA,NA,6 upstream ,Upstream,1,Log_Jam ,Yes,No ,Yes,No,"Stream incison begining, hoof punch, grazing, lots of woody debris in stream. DC present ",
8/5/2025,1:50 PM,138,RF,Riparian_Mid_Gradient,"Grass,_Fir_Forb_Sedge_Rush_Pine",20,35,1,10,20,0,40,15,0,Moderate,25,15,0,4,Sm_Scale_Drainage,1,0,None ,0,NA,NA,0,Sm_Scale_Drainage,NA,NA,NA,None,No ,No ,Yes,No,"Hoof punch and trampling on streambank, and grazing adjacent to streambank",Sm_Scale_Drainageleads to sm pool of water w/ same looking chemical reaction film on top of stagnet water (oil?)
8/5/2025,1:50 PM,17,RF,Riparian_Mid_Gradient,Forb_Grass_Shrub_Sedge,0,85,1,2,2,1,20,10,0,Moderate,10,2,0,6,Sm_Scale_Drainage,1,0,None ,0,NA,NA,0,Sm_Scale_Drainage,NA,NA,NA,None,No ,Yes,Yes,No,"Bank sloughing beginning, trampling and grazing along streambank ",Sm_Scale_Drainageleads to sm pool of water 
8/5/2025,3:00 PM,112,RF,Riparian_Mid_Gradient,Forb_Grass_Rush_Pine_Shrub,25,70,25,1,8,1,5,5,5,High ,15,10,0,0,Sm_Scale_Drainage,1,0,None ,0,NA,NA,0,Sm_Scale_Drainage,"2, 7 downstream, 6, 11.5 upstream ",Both,4,Log_Jam ,No ,No ,Yes,No,"Trampling, hoof punch, manure",4 Log_Jams all in a line along the stream making area very wet
8/5/2025,3:00 PM,40,RF,Riparian_Mid_Gradient,Forb_Shrub_Grass_Fir,5,50,10,15,25,25,20,0,0,None ,0,0,0,6,None ,0,NA,Stream ,1,33,NA,33,Stream,"12 upstream, one right at tape, 6, 9, 11, 13 downstream ",Both,6,BDA,No ,Yes,Yes,No,"Hoof punch, grazing, sloughing, trampling, manure",
8/5/2025,3:27 PM,139,RF,Riparian_Mid_Gradient,Shrub_Forb_Fir_Grass,0,5,55,10,10,30,20,0,0,High ,0,0,0,0,None ,0,NA,None ,0,NA,NA,NA,NA,NA,NA,NA,None,No ,No ,No,No,None,Very rocky and Shrubby 
8/5/2025,3:27 PM,87,RF,Riparian_Mid_Gradient,Forb_Shrub_Pine_Rush_Grass,5,25,40,3,20,30,5,25,0,High ,30,0,0,3,Stream,2,0 and 2.5,None ,0,NA,2,0,Stream,Both are 1 upstream,Upstream,2,BDA,No ,No ,Yes,No,Grazing,The stream splits above the plot and the 2 BDAs are aligned with eachother creating a pool above the plot
8/5/2025,3:48 PM,35,RF,Riparian_Mid_Gradient,"Grass_Forb_Shrub_Pine, Sedge",25,35,20,15,10,20,1,10,5,High ,10,1,1,5,Sm_Scale_Drainage,1,0,None ,0,NA,NA,0,Sm_Scale_Drainage,"3, 6, 10 downstream",Downstream,3,BDA,No ,No ,Yes,No,Trampling,BDAs look like they were newly installed so trampling around streambank could possibly be from SRWC crew?
8/5/2025,3:48 PM,44,RF,Riparian_Mid_Gradient,Pine_Forb_Grass_Shrub,1,20,20,5,5,20,20,0,0,Moderate,1,1,0,1,None ,0,NA,Stream ,1,12,5,12,Stream,2,NA,2,BDA,No ,Yes,No ,No,"Grazing on banks, bank sloughing, DC present ",Dried side channel running through plot 
8/5/2025,4:21 PM,63,RF,Riparian_Mid_Gradient,Forb_Shrub_Pine,10,40,25,8,10,15,20,1,0,Moderate,5,1,0,4,Sm_Scale_Drainage,1,0,None ,0,NA,NA,0,Sm_Scale_Drainage,7 downstream,Downstream,2, BDA,No ,No ,Yes,No,"Trampling, and light hoof punch in Dried_Streambed in plot","Dry and wet stream in plot, Dried_Stream also has a BDA in_the_plot "
8/5/2025,4:21 PM,4,RF,Riparian_Mid_Gradient,Pine_Grass_Shrub_Forb,5,25,50,1,1,20,25,20,10,Moderate,0,1,0,1,Stream ,1,0,None ,0,NA,NA,0,Stream,0,Inside,1,Log_Jam ,No ,Yes,Yes,No,"Grazing, hoof punch, bank sloughing",Stream splits at start of plot into 2 sm streams 
8/5/2025,4:42 PM,12,RF,Riparian_Mid_Gradient,Shrub_Grass_Pine_Forb_Rush,20,25,25,0,20,20,5,5,0,Light,0,0,0,0,Sm_Scale_Drainage,1,0,None ,0,NA,NA,0,Sm_Scale_Drainage,0.5,NA,1,Log_Jam ,No ,No ,Yes,No,Light grazing,Log_Jam runs across top of plot w/ large pool of water behind
8/5/2025,4:42 PM,55,RF,Riparian_Mid_Gradient,Shrub_Fir_Forb,1,5,70,1,15,30,15,0,0,None ,0,0,0,0,Sm_Scale_Drainage,1,1,None ,0,NA,NA,1,Sm_Scale_Drainage,NA,NA,NA,None,No ,No ,No ,No,None,"Plot on the side of slope with so many Shrub around and in_the_plot, very rocky and steep"
8/6/2025,8:28 AM,42,CM,Subsurface_Low_Gradient,"Pine_Forb_Grass_Shrub, Cedar, Fir",25,30,3,10,10,8,8,0,0,High ,0,0,0,7,Stream ,1,1,None ,0,NA,3,1,Stream,9 downstream,Downstream,1,Log_Jam ,Yes,No ,Yes,Yes,"Trampling, manure,  and bedding along the streambank, possibly incised, hoof punch near Log_Jam, DC downstream","This plot is near our campstie, there is also reminets of burn pile in plot, looks like cattle have recently walked through the plot"
8/6/2025,8:28 AM,102,CM,Dry,Grass_Forb_Fir_Shrub,10,20,5,15,15,30,20,0,0,High ,5,0,0,1,None ,0,NA,None ,0,NA,NA,NA,NA,NA,NA,NA,None,No ,No ,No ,No,None,"Dried_Stream channel running through plot, burn pile reminets adjacent to plot, trampling looks old and more like tracks "
8/6/2025,8:56 AM,107,CM,Dry,Forb_Grass,5,10,0,15,20,10,3,0,0,None ,15,0,0,1,None ,0,NA,Stream ,2,"41,50","2, 4 ",41,Stream,6 downstream,Downstream,1,Log_Jam ,No ,No ,Yes,No,"Manure, and grazing on streambed","water 2m away is dry, and the one 4m away is wet"
8/6/2025,8:56 AM,143,CM,Dry,Forb_Shrub_Grass_Pine,40,30,5,1,30,1,10,0,0,High ,1,0,0,5,None ,0,NA,Stream,1,31,4,31,Stream,9 downstream,Downstream,1,Log_Jam ,No ,No ,Yes,No,"High grazing, and trampling",Stream pools before it splits
8/6/2025,10:01 AM,113,CM,Dry,Forb_Grass_Shrub_Fir_Pine,5,15,10,10,20,20,1,0,0,Low ,0,0,0,1,Stream ,2,0,None ,0,NA,NA,0,Stream,NA,NA,NA,None,No ,No ,No ,No,None,"Adjacent to road that has water slowly trickling down, deer tracks in_the_plot, stream is dry"
8/6/2025,10:01 AM,2,CM,Discharge_Slope ,Pine_Grass_Forb_Fir_Cedar,40,20,5,0,85,0,5,10,0,Moderate,3,8,0,1,Sm_Scale_Drainage,1,0,None ,0,NA,NA,0,Sm_Scale_Drainage,NA,NA,NA,None,No ,No ,Yes,No,"Hoof punch, grazing, light tampling",Almost all grazed besides the tops of some flowers on streambank 
8/6/2025,10:02 AM - 11:22 AM,126,CM,Dry,Forb_Grass_Shrub_Pine ,0,30,1,5,8,50,10,0,0,High ,5,0,0,1,None ,0,NA,None ,0,NA,NA,NA,NA,NA,NA,NA,None,No ,No ,No ,No,NA,"Conifer encroachment visable, thick tree density, young and old trees, J-Curve (greater diversity of tree ages)"
8/6/2025,10:02 AM - 11:22 AM,77,CM,Dry,Shrub_Grass_Forb,10,20,40,2,40,1,15,0,0,Moderate,1,0,0,2,None ,0,NA,None ,0,NA,NA,NA,NA,NA,NA,NA,None,No ,No ,No ,No,NA,"Conifer encroachment visable, thick tree density, young and old trees, J-Curve (greater diversity of tree ages)"
8/6/2025,11:23 AM,52,CM,Other,Forb_Grass_Sedge,0,80,0,15,5,5,0,1,0,None ,0,0,0,0,None ,0,NA,Both,2,"9, 20",2.5,9,Sm_Scale_Drainage,1 downstream,Downstream,1,Log_Jam,Yes,No ,No ,No,Possibly starting to become incised,"Deer tracks, bear scat near plot, overall plot is relatively untouched meadow, stream, and sm sclae drainage"
8/6/2025,11:23 AM,45,CM,Other,Forb_Grass_Pine_Fir_Shrub,5,10,5,30,5,10,15,0,0,High ,40,0,0,2,None ,0,NA,Stream,1,36,5,36,Stream,None,NA,0,None,Yes,Yes,Yes,Yes,"Grazing, hoof punch, DC munched, bank sloughing, incised, trampling, manure by and in area surronding stream, and cattle trail crossing stream and going into meadow(mapped on Avenza)","Cattle trail in plot, heavy cattle impact here, possible stream crossing, and conifer encroachment, also we saw cattle when arriving at plot"
8/6/2025,12:31 PM,15,CM,Other,Grass_Pine_Fir_Forb,45,5,1,5,75,1,15,0,0,Moderate,10,0,0,8,None ,0,NA,Stream,1,31,5,31,Stream,None,NA,0,None,Yes,Yes,Yes,Yes,"This plot is upstream from plot #52 w/ Grazing, hoof punch, DC munched, bank sloughing, incised, trampling, manure by and in area surronding stream, and cattle trail crossing stream and going into meadow",Diversity of tree ages with an abundance or pine trees(8)
8/6/2025,12:31 PM,53,CM,Other,Grass_Shrub_Pine_Forb,50,40,30,5,15,20,8,0,0,High ,10,0,0,2,Sm_Scale_Drainage,1,0,Stream,1,8,5,0,Sm_Scale_Drainage,16,NA,1,Log_Jam,Yes,Yes,Yes,Yes,"Grazing, incised, bank sloughing, downstream from large pool of water behind Log_Jam, also this plot is across the stream from plot #15 so it has grazing, hoof punch, DC munched, bank sloughing, incised, trampling, manure by and in area surronding stream, and cattle trail crossing stream and going into meadow","On the south side of plot there's a depression in the ground that's wet w/ trampling and possilby old hoof punch, sm scale driange is dry "
8/6/2025,2:30 PM,123,CM,Other,Cedar_Fir_Grass_Forb_Shrub,40,8,50,15,40,30,15,1,0,None ,0,0,0,0,None ,0,NA,Stream,1,10,5,10,Stream,NA,NA,NA,None,No ,No ,No ,No,,"Almost completely inaccessable, surrounded by thick brush, and lots of rocks crossing stream"
8/6/2025,2:30 PM,131,CM,Other,Shrub_Grass_Cedar,10,1,25,30,15,45,5,0,0,None ,0,0,0,0,Stream ,1,5,None ,0,NA,NA,5,Stream ,NA,NA,NA,None,No ,No ,No ,No,,"On the side of a steep slope, very rocky amd dry, also almost completely inaccessable "
8/11/2025,11:15,106,CM,Other ,Pine_Shrub_Grass_Cedar_Forb,60,20,31,3,40,5,20,0,0,Moderate,20,0,0,6,Sm_Scale_Drainage,1,4,Stream,1,29,3,4,Sm_Scale_Drainage,None,NA,0,None,No ,Yes,Yes,No,"Grazing (heavy), trampling, manure, bank sloughing, hoof punch on streambed","Lots of tramplng near Sm_Scale_Drainageand hoof punch, conifer encroached area"
8/11/2025,11:32,21,CM,Other,Forb_Shrub_Pine_Grass,5,15,25,20,25,40,25,1,0,High ,5,0,0,3,Both ,2,0,None ,0,NA,4,0,Both,"11, 16, 20",NA,3,Log_Jam,No ,Yes,Yes,No,"Manure, bank sloughing (starting), trampling, grazing ","DC outside the plot near stream and they're really small, conifer encroached area, sm scale drainage is dry "
8/11/2025,11:46,28,CM,Other,Pine_Cedar_Grass_Forb_Shrub,30,50,1,10,5,40,10,0,0,High ,10,0,0,4,Sm_Scale_Drainage,1,0,Stream,1,9,4,0,Sm_Scale_Drainage,"8.5, 13, 17 upstream",Upstream,3,Log_Jam,No ,Yes,Yes,No,"Manure, trampling, grazing, bank sloughing (starting)","Approx. 5m away from plot #21, conifer encroached "
8/11/2025,12:25,93,CM,Other,Pine_Grass_Forb_Fir_Cedar,10,75,0,1,10,3,15,0,0,High ,0,0,0,1,None ,0,NA,Both,3,"6, 28, 14",4,6,Sm_Scale_Drainage,"6, 11, 15",NA,3,Log_Jam,Yes,Yes,No ,No,"Incised, bank sloughing (starting)","Fish spotted in stream!, conifer encorached "
8/11/2025,12:38,14,CM,Other,Grass_Forb_Pine,20,90,0,3,10,10,3,0,0,Moderate,50,0,0,11,Sm_Scale_Drainage,1,0,None ,0,NA,NA,0,Sm_Scale_Drainage,None,NA,0,None,No ,No ,No ,No,NA,"In the last few plots (5) there are a ton of sm scale drainages that might be dry yr round?, conifer encroched, sm scale drainage is dry "
8/11/2025,12:46,72,CM,Other,Grass_Forb_Pine_Shrub,35,25,15,0,35,30,0,0,0,High ,0,0,0,8,None ,0,NA,None ,0,NA,NA,,,None,NA,0,None,No ,No ,Yes,No,NA,"50 precent of plot is old FS road, manure is old, conifer encroached "
8/11/2025,1:00,82,CM,Other,Grass_Pine_Shrub_Forb,30,40,5,10,15,1,25,10,0,High ,10,10,0,2,Sm_Scale_Drainage,1,0,None ,0,NA,NA,0,Sm_Scale_Drainage,None,NA,0,None,No ,No ,Yes,No,"Hoof punch, trampling and grazinf alonf stream bank",Conifer encroached
8/11/2025,1:10,8,CM,Other,Grass_Forb_Shrub_Pine,10,10,3,15,20,3,15,0,0,High ,15,0,0,9,None ,0,NA,Sm_Scale_Drainage,1,7,NA,7,Sm_Scale_Drainage,None,NA,0,None,No ,No ,Yes,No,NA,"Manure is old, conifer encroached, sm scale drainage is dry "
8/11/2025,1:20,147,CM,Other,Grass_Pine_Forb,5,50,0,45,0,5,0,0,0,High ,0,0,0,4,Sm_Scale_Drainage,1,0,None ,0,NA,NA,0,Sm_Scale_Drainage,None,NA,0,None,No ,No ,No ,No,NA,"Plot is at the end of a FS road, sm scale drainage is dry "
8/11/2025,1:31,61,CM,Other,Grass_Forb_Pine,40,10,0,1,85,15,0,0,0,Low ,5,0,0,0,Sm_Scale_Drainage,1,0,Stream,1,17,5,0,Sm_Scale_Drainage,1 upstream,Upstream,1,Log_Jam,No ,No ,Yes,No,Some grazing but otherwise in good condition ,DC along stream
8/11/2025,1:45,33,CM,Other,Grass_Forb_Shrub_Pine,20,15,20,20,15,10,20,0,0,Low ,20,0,0,2,None ,0,NA,None ,0,NA,NA,NA,NA,None,NA,0,None,No ,No ,No ,No,NA,Conifer encroached
8/11/2025,1:57,86,CM,Dry,Grass_Pine_Forb,15,20,12,0,35,8,15,0,0,Low ,3,0,0,2,Sm_Scale_Drainage,1,4,None ,0,NA,NA,4,Sm_Scale_Drainage,None,NA,0,None,No ,No ,No ,No,NA,"It seems like the HGM classified ""dry"" meadow reaches farther into the HGM classified ""other"" meadow than what's currently represented on the map, conifer encroached, sm scale drainage is dry "
8/11/2025,2:38,89,CM,Dry,Forb_Grass_Shrub_Pine ,10,20,8,20,15,5,5,0,0,Moderate,10,0,0,0,None ,0,NA,None ,0,NA,NA,NA,NA,NA,NA,NA,None,No ,No ,No ,No,NA,Conifer encroached
8/11/2025,2:54,108,CM,Other,Forb_Grass_Shrub_Pine_Fir_Rush,20,10,10,30,20,30,15,1,0,High ,5,0,0,0,Stream ,1,0,None ,0,NA,3,0,Stream ,1 downstream,Downstream,1,Log_Jam,No ,No ,Yes,No,Grazing,"Flow tracker in stream, fish spotted in stream, incised slighly and DC on bank opposing plot"
8/11/2025,3:06,69,CM,Other,Forb_Grass_Shrub_Pine_Fir_Sedge,40,55,15,0,30,1,5,3,0,Moderate,5,1,0,0,Both ,3,"0, 5",None ,0,NA,"3, 2",0,Both,1 upstream,Upstream,1,Log_Jam,Yes,No ,Yes,No,"Incised (slightly), grazing, hoof punch","We saw cows outside the plot, DC on streambank (munched), stream & Sm_Scale_Drainage_in_the_plot, stream  5m away "
8/11/2025,3:28,25,CM,Subsurface_Low_Gradient,Grass_Forb,1,95,0,3,1,2,1,0,0,Moderate,10,0,0,2,Both ,2,0,None ,0,NA,NA,0,Both,"1 upstream, 1 downstream",Both,2,BDA,Yes,No ,Yes,Yes,"Old hoof punch, trampling on Dried_Streambed that looks like it might be used as a cattle trail, incised (slightly)",sm scale drainage is also dry 
8/12/2025,8:54,54,CM,Lacustrine_Fringe,Pine_Forb_Grass_Sedge_Shrub_Rush,10,65,10,10,8,30,0,5,0,Low ,0,0,0,0,Sm_Scale_Drainage,1,0,None ,0,NA,NA,0,Sm_Scale_Drainage,None,NA,0,None,Yes,No ,Yes,No,"Grazing, incised","No DC in meadow, sloped, old manure outside plot"
8/12/2025,9:10,66,CM,Lacustrine_Fringe,Grass_Forb_Pine_Sedge,5,20,0,50,10,8,0,0,0,None ,0,0,0,1,Sm_Scale_Drainage,1,0,Cabin Meadows Lake,1,37,NA,0,Sm_Scale_Drainage,None,NA,0,None,Yes,No ,Yes,No,"Trampling, hoof punch, manure, severely incised","Tons of manure, tons of frogs in and around lake, "
8/12/2025,9:27,121,CM,Lacustrine_Fringe,Sedge_Grass_Forb_Shrub_Pine,20,30,5,25,10,10,5,0,0,Low ,5,0,0,4,Sm_Scale_Drainage,1,3,None ,0,NA,NA,3,Sm_Scale_Drainage,None,NA,0,None,No ,No ,Yes,No,Grazing,"Manure is old, medusahead is in_the_plot, sm scale drainage is dry "
8/12/2025,9:40,141,CM,Lacustrine_Fringe,Forb_Grass_Sedge,1,90,0,3,3,0,1,0,0,Moderate,5,0,1,7,Stream,1,0,None ,0,NA,NA,0,Stream,None,NA,0,None,Yes,No ,Yes,Yes,"Very incised, lots of trampling, and old hoof punch","Lots of frogs in_the_plot, cattle trail outside the plot, stream is dry and leads to lake "
8/12/2025,10:24,74,CM,Discharge_Slope ,Shrub,30,0,85,0,5,5,10,0,0,None ,0,0,0,0,Sm_Scale_Drainage,2,"4, 4",None ,0,NA,NA,4,Sm_Scale_Drainage,None,NA,0,None,No ,No ,No ,No,Relatively untouched,"DC outside plot and near one of the sm scale drainages, hard to move sround due to abundance of Shrub"
8/12/2025,10:46,94,CM,Dry,Shrub_Forb_Grass_Pine_Fir,3,25,30,20,5,15,5,0,0,Low ,20,0,0,0,Sm_Scale_Drainage,1,3,None ,0,NA,NA,3,Sm_Scale_Drainage,None,NA,0,None,No ,No ,Yes,Yes,"Trampling, grazing, maure, hoof punch",cattle trail through plot ( I didn't mark this exact location on Avenza but other sections of this cattle trail)
8/12/2025,11:00,75,CM,Dry,Grass_Forb_Pine_Rush_Shrub_DC,20,30,5,15,15,10,10,5,3,Moderate,15,0,0,2,Sm_Scale_Drainage,1,0,None ,0,NA,NA,0,Sm_Scale_Drainage,None,NA,0,None,No ,No ,Yes,Yes,"Grazing, trampling downstream",Cattle trail through plot
8/12/2025,11:09,98,CM,Dry ,DC_Grass_Rush_Sedge_Pine_Forb,5,95,0,3,5,3,4,3,5,High ,15,6,3,5,Sm_Scale_Drainage,1,0,None ,0,NA,NA,0,Sm_Scale_Drainage,None ,NA,0,None,No ,No ,Yes,Yes,"Trampling, grazing, maure, hoof punch",Marked several cattle trails leading to meadow in this area
8/12/2025,11:20,38,CM,Dry,Forb_Grass_Shrub_Fir_Pine,40,15,10,5,50,3,10,8,1,Moderate,20,8,1,2,Sm_Scale_Drainage,1,0,None ,0,NA,NA,0,Sm_Scale_Drainage,6 downstream,Downstream,1,Log_Jam,No ,No ,Yes,No,"Hoof Ppunch, trampling, grazing",Near the Log_Jam there's a pool of stagnent water w/ hoof punch all around it 
8/12/2025,11:30,48,CM,Dry,DC_Grass_Forb_Pine_Sedge,5,40,0,0,0,10,0,10,30,Low ,20,5,5,1,Sm_Scale_Drainage,1,0,None ,0,NA,NA,0,Sm_Scale_Drainage,None,NA,0,None,No ,No ,Yes,No,"trampling, hoof punch, grazing",Tons of DC in the area
8/12/2025,11:41,91,CM,Dry,Grass_Forb_Pine_Rush_Sedge,5,85,0,7,3,5,15,1,0,Moderate,15,5,0,3,Sm_Scale_Drainage,1,0,None ,0,None,NA,0,Sm_Scale_Drainage,0,Inside,1,Log_Jam,No ,No ,Yes,No,"Hoof punch, tramplig, manure, grazing, possible eutrophication in pool that formed downstream from Log_Jam","Plot has log across it slowing water and creating pool below, and the pool of water has a film on top of it"
8/12/2025,12:15,70,CM,Dry,Grass_Forb_Pine_Rush,3,90,0,5,3,5,3,0,0,Moderate,30,0,0,6,None ,0,NA,Stream,1,8,2,8,Stream,4 upstream,Upstream,1,Log_Jam,No ,No ,Yes,No,"Manure, trampling, hoof punch, grazing",DC present near stream
8/12/2025,12:31,84,CM,Dry,Fir_Pine_Shrub_Grass_Forb_Rush,20,45,15,5,10,10,20,8,0,High ,5,5,0,5,Sm_Scale_Drainage,1,0,None ,0,NA,NA,0,Sm_Scale_Drainage,None,NA,0,None,Yes,No ,Yes,No,"Incised, trampling, hoof punch, grazing, manure","Manure is old and new, marked location on Avenza"
8/12/2025,12:42,129,CM,Dry ,Forb_Grass_Pine_Shrub,10,10,20,20,20,10,1,0,0,Moderate,25,0,0,0,None ,0,NA,None ,0,NA,NA,,,None,NA,0,None,No ,No ,No ,No,NA,"Very dry, rocky, and Shrubby"
8/12/2025,12:50,5,CM,Dry ,Sedge_Forb_Grass_Pine_Shrub_Fir,1,15,15,50,15,25,5,0,0,Moderate,5,1,0,1,Sm_Scale_Drainage,1,4,None ,0,NA,NA,4,Sm_Scale_Drainage,None,NA,0,None,No ,No ,Yes,No,Grazing,Manure is old
8/12/2025,12:57,146,CM,Dry,Shrub_Pine_Grass_Sedge_Rush,5,45,20,0,10,20,30,5,0,Moderate,10,3,0,1,Sm_Scale_Drainage,1,0,None ,0,NA,NA,0,Sm_Scale_Drainage,None,NA,0,None,No ,No ,Yes,No,"Hoof punch, grazing, trampling",
8/13/2025,8:10,65,CM,Depressional_Seasonal,Shrub_Grass_Forb_Pine,1,20,5,15,5,25,15,0,0,High ,45,0,0,5,Stream,1,0,None ,0,NA,NA,0,Stream,0,Inside,1,Log_Jam,No ,Yes,No ,No,Bank sloughing,"Manure is old and new, grazing,conifer encroached, stream is dry "
8/13/2025,8:21,136,CM,Depressional_Seasonal,Shrub_Grass_Forb_Pine,15,40,30,5,10,12,20,0,0,High ,15,0,0,3,Sm_Scale_Drainage,,0,None ,0,NA,NA,0,Sm_Scale_Drainage,0,Inside,1,Log_Jam,Yes,No ,Yes,No,"Incised (slightly), grazing","Manure is old, conifer encroached, sm scale drainage is dry "
8/13/2025,8:30,115,CM,Depressional_Seasonal,Shrub_Grass_Pine_Forb,15,55,25,5,5,3,7,0,0,High ,10,0,0,2,Sm_Scale_Drainage,1,0,None ,0,NA,NA,0,Sm_Scale_Drainage,0,Inside,1,Log_Jam,No ,No ,Yes,Yes,Grazing,"Cows present outside plot, possible cattle trail through plot, sm scale drainage is dry "
8/13/2025,8:41,99,CM,Depressional_Seasonal,Grass_Forb_Shrub_Fir_Pine_Sedge,3,60,3,3,10,7,5,1,0,Moderate,8,0,0,2,Sm_Scale_Drainage,1,0,None ,0,NA,NA,0,Sm_Scale_Drainage,None,NA,0,None,Yes,Yes,No ,No,"Incised, bank sloughing (starting)",sm scale drainage is dry 
8/13/2025,8:54,127,CM,Discharge_Slope,Pine_Grass_Forb,15,30,0,20,5,30,5,0,12,Moderate,15,0,10,5,None ,0,NA,Stream,1,20,2,20,Stream,None,NA,0,None,Yes,Yes,Yes,No,"Incised, manure, trampling, grazing, bank sloughing, stream is standing water only ","Cows grazing in meadow where plot is located, manure old and new"
8/13/2025,9:07,62,CM,Discharge_Slope,Pine_Shrub_Grass_Sedge_DC,5,60,25,1,3,20,1,5,20,High ,12,10,1,1,Sm_Scale_Drainage,1,0,None ,0,NA,NA,0,Sm_Scale_Drainage,None,NA,0,None,Yes,No ,Yes,No,"Incised, DC grazing ",
8/13/2025,9:21,81,CM,Discharge_Slope,DC_Grass_Shrub_Sedge_Rush_Forb,0,90,3,0,0,0,0,3,7,Low ,10,7,0,1,Sm_Scale_Drainage,1,0,None ,0,0,NA,0,Sm_Scale_Drainage,None,NA,0,None,No ,No ,Yes,No,"Hoof punch, trampling, grazing",This plot is at the base of a hillside that's covered in DC
8/13/2025,9:29,140,CM,Discharge_Slope,Sedge_Grass_Forb_DC_Rush,0,90,0,5,0,0,0,5,10,Low ,5,0,5,5,Sm_Scale_Drainage,1,0,Stream,1,10,0.5,0,Sm_Scale_Drainage,None,NA,0,None,No ,No ,Yes,No,"Trampling, Grazing, hoof punch",
8/13/2025,9:39,118,CM,Discharge_Slope,Grass_Pine_Forb_Shrub_DC_Fir_Sedge,10,80,3,5,3,5,0,5,3,Moderate,5,7,1,3,Sm_Scale_Drainage,1,0,None ,0,NA,NA,0,Sm_Scale_Drainage,None,NA,0,None,No ,No ,Yes,No,"Hoof punch, manure, grazing, trampling",
8/13/2025,10:05,18,CM,Discharge_Slope,Pine_Grass_Shrub_Forb_Sedge,30,15,20,5,25,0,30,10,0,Low ,10,0,0,1,Sm_Scale_Drainage,1,0,None ,0,NA,NA,0,Sm_Scale_Drainage,0,Inside ,1,Log_Jam,No ,No ,Yes,No,"Grazing, trampling","Manure is old, tons of holes in_the_plot"
8/13/2025,10:17,101,CM,Riparian_High_Gradient ,Forb_Grass_Pine_Sedge,5,45,0,3,2,3,30,10,10,Moderate,8,1,0,1,2 Sm_Scale_Drainage,2,0,None ,0,NA,NA,0,Sm_Scale_Drainage,0,Inside ,2,Log_Jam,No ,No ,Yes,No,Hoof punch,"Manure is old, cows visable on opposing side of meadow, log jam on either drainage "
8/13/2025,10:26,46,CM,Riparian_High_Gradient ,Forb_Grass_Sedge,0,85,0,3,0,8,0,1,0,High ,25,5,0,10,Sm_Scale_Drainage,1,0,Sm_Scale_Drainage,1,6,NA,0,Sm_Scale_Drainage,None,NA,0,None,No ,No ,Yes,No,"Hoof punch, trampling, manure","Cows about 15m away from plot, manure old and new, sm scale drainage is dry "
8/13/2025,10:42,22,CM,Riparian_High_Gradient ,Sedge_Grass_Pine,0,90,0,3,0,5,2,1,0,Low ,20,1,0,1,Sm_Scale_Drainage,2,"1 0, other <1m away",None ,0,NA,NA,0,Sm_Scale_Drainage,2 downstream,Downstream ,2,Log_Jam,No ,No ,Yes,No,"Hoof punch, grazing, manure, trampling","Manure is old, film visable in water and has an orangish hue"
8/13/2025,10:56,97,CM,Riparian_High_Gradient ,Shrub_Fir_Pine_Forb_Grass,15,5,5,15,10,15,50,0,0,Low ,10,0,0,NA,None ,0,NA,Both,2,"12, 19",2,12,Sm_Scale_Drainage,20 upstream,Upstream ,1,Log_Jam,Yes,Yes,Yes,No,"Hoof punch, grazing, incised, bank sloughing (starting),manure","The Sm_Scale_Drainagedoesn't have running water but the soil is fully saturated creating a mud pit, plot next to well"
8/13/2025,11:07,109,CM,Riparian_High_Gradient ,Sedge_Grass_Forb,0,80,0,10,0,0,0,10,0,Moderate,10,1,0,4,Sm_Scale_Drainage,1,0,Stream,1,0.5,2,0,Sm_Scale_Drainage,20 upstream,Upstream ,1,Log_Jam,Yes,Yes,Yes,No,"Bank sloughing (starting), trampling, grazing, manure, incised",This plot is near plot #97
8/13/2025,11:21,60,CM,Dry,Pine_Grass_Sedge_Shrub_Forb                                                                                                                          ,5,35,25,5,15,20,0,10,0,Moderate,20,1,0,2,Sm_Scale_Drainage,1,0,None ,0,0,NA,0,Sm_Scale_Drainage,NA,NA,NA,None,No ,No ,Yes,No,"Hoof punch, grazing",Plot is on slope/hillside
8/13/2025,11:32,56,CM,Other,Shrub_Pine_Forb_Grass,25,30,30,10,15,20,5,0,0,Moderate,10,0,0,2,Sm_Scale_Drainage,2,"2,5",Sm_Scale_Drainage,1,8,NA,2,Sm_Scale_Drainage,None,NA,0,None,No ,No ,Yes,No,"Hoof punch, grazing, trampling",
8/13/2025,11:39,119,CM,Other,Grass_Pine_Shrub_Sedge,0,90,1,0,0,1,0,10,0,Moderate,0,1,0,4,Sm_Scale_Drainage,2,0,None ,0,NA,NA,0,Sm_Scale_Drainage,1 upstream,Upstream ,1,Log_Jam,No ,No ,Yes,No,"Hoof punch, grazing","DC on drainage, film on top of warer"
8/13/2025,11:46,67,CM,Other,Shrub_Forb_Grass_Fir_Pine_Sedge,50,20,5,30,20,5,5,5,0,High ,3,7,0,11,Sm_Scale_Drainage,1,0,None ,0,NA,NA,0,Sm_Scale_Drainage,3 downstream,Downstream ,1,Log_Jam,No ,No ,Yes,No,"Hoof punch, grazing",Manure is old and new
8/13/2025,11:54,105,CM,Other,Shrub_Grass_Sedge_Pine_Fir_Forb,25,3,35,10,15,12,30,0,NA,Low ,1,0,0,2,None ,0,NA,Sm_Scale_Drainage,1,9,NA,9,Sm_Scale_Drainage,3 upstream,Upstream ,1,Log_Jam,No ,No ,Yes,No,Grazing,sm scale stream is dry
8/13/2025,12:46,110,CM,Subsurface_High_Gradient,Forb_Grass_Shrub,0,40,1,15,15,5,25,0,0,None ,10,0,0,0,None ,0,NA,None ,0,NA,NA,NA,NA,None,NA,0,None,No ,No ,No ,No,NA,
8/13/2025,12:55,114,CM,Subsurface_High_Gradient,Forb_Grass_Fir,0,30,0,10,5,5,30,0,0,High ,10,0,0,4,Sm_Scale_Drainage,1,1,None ,0,NA,NA,1,Sm_Scale_Drainage,None,NA,0,None,No ,No ,Yes,No,"Grazing, trampling",sm scale stream is dry
8/13/2025,1:06,26,CM,Subsurface_High_Gradient,Grass_Forb_Pine_Fir_Shrub,50,15,20,5,25,NA,NA,5,0,High ,10,10,0,5,None ,0,NA,Stream ,1,14,3,14,Stream ,None,NA,0,None,No ,Yes,Yes,No,"Trampling, hoof punch, bank sloughing (starting), Standing water only ","There's a whole patch of the plot that's covered in hoof punch, manure is old and new"
8/13/2025,2:11,128,CM,Depressional_Perenial,Grass_Forb_Sedge_Shrub_Rush,0,85,1,8,0,0,10,5,0,High ,40,0,0,3,Pond,1,0,Stream,1,0,2,0,Both,.5 downstream,Downstream ,1,Log_Jam,Yes,Yes,Yes,No,"stagnent water in pond, incised, manure, grazing, hoof punch, trampling, bank sloughing (minimal)","Manure is old and new, bank of stream is very compact in some areas, orange film present, cows were in plot/meadow when we arrived"
8/13/2025,2:19,103,CM,Depressional_Perenial, Shrub_Pine_Grass_Forb_Fir_Sedge,30,10,25,1,25,15,15,0,0,None ,2,0,0,1,None ,0,NA,Stream,1,4,NA,4,Stream,"7 downstream, 10 upstream",Both ,2,Log_Jam,Yes,Yes,Yes,No,"Incised, hoof punch, bank sloughing (starting), trampling, grazing","Manure is old, stream is murky, orange film is present on top of water"
8/13/2025,2:39,58,CM,Depressional_Perenial, Pine_Fir_Grass_Shrub_Forb,40,40,10,10,10,15,0,0,0,High ,20,0,0,0,Sm_Scale_Drainage,1,4,None ,0,NA,NA,4,Sm_Scale_Drainage,10 upstream,Upstream ,1,Log_Jam,Yes,No ,Yes,Yes,"Grazing, hoof punch, trampling, incised (slightly)","Cattle trail going through plot, plot is near well"
8/13/2025,2:46,137,CM,Discharge_Slope, Shrub_Grass_Pine,10,40,15,0,10,5,8,0,0,High ,2,0,0,7,Sm_Scale_Drainage,1,2,None ,0,NA,NA,2,Sm_Scale_Drainage,1 upstream,Upstream ,1,Log_Jam,No ,No ,Yes,No,"Trampling, old hoof punch, grazing, manure","Manure is old, sm scale drainage is dry "
8/13/2025,2:59,50,CM,Other, Shrub_Fir_Grass_Pine_Forb,30,10,30,10,25,15,10,0,0,Low ,5,0,0,0,None ,0,NA,Sm_Scale_Drainage,1,17,NA,17,Sm_Scale_Drainage,4 upstream,Upstream ,1,Log_Jam,No ,No ,Yes,No,Grazing,sm scale stream is dry
8/13/2025,3:10,43,CM,Other,Forb_Grass_Sedge,0,75,0,15,0,0,0,1,0,Moderate,60,10,0,5,Sm_Scale_Drainage,1,0,None ,0,NA,NA,0,Sm_Scale_Drainage,2 adjacent ,Inside ,1,Log_Jam,Yes,Yes,Yes,No,"Hoof punch, trampling, grazing, manure, incised, bank sloughing (starting)",mud pits dispersed throughout the plot
8/13/2025,3:18,19,CM,Other, Grass_Forb_DC_Pine_Sedge,0,75,0,5,0,10,15,0,5,Moderate,1,0,10,3,None ,0,NA,Sm_Scale_Drainage,1,9,NA,9,Sm_Scale_Drainage,9 adjacent ,Inside ,1,Log_Jam,No ,No ,Yes,No,"Severe hoof punch, and trampling",DC present on streambank
8/13/2025,3:30,135,CM,Other, Shrub_Grass_Pine_DC_Sedge_Rush_Forb,10,70,8,0,5,10,3,12,3,Moderate,5,0,0,0,Sm_Scale_Drainage,1,0,None ,0,NA,NA,0,Sm_Scale_Drainage,1 downstream,Downstream ,1,Log_Jam,No ,No ,Yes,No,"Trampling, grazing",
8/13/2025,3:46,34,CM,Mound_Peatland,Pine_Grass_Shrub,10,20,1,5,20,20,15,0,0,High ,0,0,0,0,Sm_Scale_Drainage ,1,0,None ,0,NA,NA,0,Sm_Scale_Drainage ,0,Inside ,1,Log_Jam,No ,No ,Yes,No,Grazing,sm scale drainage is dry
8/14/2025,7:52,125,CM,Subsurface_High_Gradient,Forb_Grass_Pine_Fir,0,80,0,10,5,1,10,0,0,High ,10,0,0,13,None ,0,NA,Sm_Scale_Drainage,1,7,NA,7,Sm_Scale_Drainage,4 upstream,Upstream ,1,Log_Jam,No ,No ,Yes,No,"Old hoof punch, grazing",sm scale drainage is dry
8/14/2025,8:26,144,CM,Riparian_High_Gradient,Pine_Shrub_Grass_Forb_Shrub,10,65,1,0,20,5,20,1,0,Moderate,3,5,0,5,Sm_Scale_Drainage,1,0,None ,0,NA,NA,0,Sm_Scale_Drainage,2 downstream,Downstream ,1,Log_Jam,No ,No ,Yes,No,"Severe hoof punch, maure, film present in water",Log_Jam makes the water pool up and cattle have walked through wet soil creating severe hoof punch
8/14/2025,8:44,71,CM,Riparian_High_Gradient,Grass_DC_Forb_Shrub_Pine_Sedge_Fir,20,40,5,5,25,3,15,8,15,Moderate,12,3,5,4,Sm_Scale_Drainage,2,0,None ,0,NA,NA,0,Sm_Scale_Drainage,0,Inside ,1,Log_Jam,No ,No ,Yes,No,"Hoof punch, trampling, manure","Manure is old and new, Log_Jam stopping water making it stagnent"
8/14/2025,9:00,133,CM,Riparian_High_Gradient,DC_Grass_Sedge_Pine_Shrub_Forb,10,15,1,5,5,10,10,20,30,Moderate,10,25,5,3,Sm_Scale_Drainage,1,0,None ,0,NA,NA,0,Sm_Scale_Drainage,0,Inside ,1,Log_Jam,No ,No ,Yes,No,"Hoof punch, trampling, grazing, manure","Manure is old and new, Log_Jam making area saturated w/ water causing severe hoof punch"
8/14/2025,9:23,47,CM,Riparian_High_Gradient,Grass_Forb_DC_Pine_Sedge,10,75,0,5,15,10,1,10,5,High ,0,7,5,6,Sm_Scale_Drainage ,2,0,Stream,1,13,3,0,Sm_Scale_Drainage,4 downstream,Downstream ,1,Log_Jam,No ,No ,Yes,No,"Hoof punch, trampling, grazing","Manure is old and new, one wet and one dry sm scale drainage "
8/14/2025,9:38,24,CM,Riparian_High_Gradient,Shrub_Pine_Grass_Forb,5,45,5,0,15,10,5,0,0,High ,8,0,0,1,Sm_Scale_Drainage,1,3,None ,0,NA,NA,3,Sm_Scale_Drainage,.5 downstream,Downstream ,1,Log_Jam,No ,No ,Yes,No,"Severe hoof punch (18cm deep), grazing",Log_Jam making ground saturated causing severe hoof punch
8/14/2025,9:52,11,CM,Mound_Peatland,Grass_Forb_Pine_Fir,30,15,0,10,30,5,25,0,0,High ,10,0,0,16,None ,0,NA,Sm_Scale_Drainage,1,10,NA,10,Sm_Scale_Drainage,3 upstream,Upstream ,1,Log_Jam,No ,No ,Yes,Yes,Grazing,Cattle trail through plot
8/14/2025,10:03,132,CM,Mound_Peatland,Forb_Pine_Grass_Shrub_Fir,5,15,1,15,10,7,25,0,0,High ,25,0,0,2,None ,0,NA,Sm_Scale_Drainage,1,23,NA,23,Sm_Scale_Drainage,5 upstream,Upstream ,1,Log_Jam,Yes,Yes,Yes,Yes,"Incised, trampling, bank sloughing, looks like cattle have crossed here, sm scale driange is dry ",Manure is old
8/14/2025,NA,13,CM,Riparian_High_Gradient,Pine_Grass_Forb_Shrub_Fir,3,25,1,15,10,5,25,0,0,High ,15,0,0,4,None ,0,NA,Stream,1,26,3,26,Stream,8 downstream,Downstream ,1,Log_Jam,No ,Yes,Yes,No,"Bank sloughing, grazing",Manure is old
8/14/2025,10:31,23,CM,Riparian_High_Gradient,Forb_Pine_Grass_Fir_DC,5,25,0,1,20,15,10,0,1,High ,5,0,0,7,Sm_Scale_Drainage,1,5,Both,2,"7,12",2,5,Sm_Scale_Drainage,4 downstream,Downstream ,1,Log_Jam,No ,No ,Yes,Yes,"Trampling, hoof punch, grazing","DC patch in sm scale drainage, cattle trail along streambank"
8/14/2025,10:40,41,CM,Riparian_High_Gradient,Grass_Shrub_Forb_Sedge_Pine,10,20,10,5,10,25,10,25,1,High ,10,10,0,0,None ,0,NA,Stream,2,0,"3, 2",0,Stream,0,Inside ,1,Log_Jam,Yes,No ,Yes,No,"Hoof punch, grazing, trampling, incised","Stream breaks into 2 stream around plot then rejoins by Log_Jam, DC on stream"
8/14/2025,10:56,149,CM,Riparian_High_Gradient,Shrub_Pine_Forb_Sedge_DC_Grass,5,20,20,15,10,30,0,20,1,High ,1,1,10,0,None ,1,NA,Stream,0,0,1.5,0,Stream,None,NA,0,None,No ,No ,Yes,Yes,"Light hoof punch, grazing","DC upstream, stream rus through center of plot"
8/14/2025,11:15,36,CM,Riparian_High_Gradient,Forb_Pine_Grass_Fir,10,15,0,20,10,15,8,0,0,Low ,15,0,0,0,None ,0,NA,Stream,1,32,1.5,32,Stream,None,NA,0,None,No ,No ,Yes,Yes,"Hoof punch (light), grazing",Light cattle trail running alonside plot
8/14/2025,11:43,100,CM,Riparian_High_Gradient,Shrub_Grass_Fir_Forb_Pine,20,10,30,20,15,20,5,0,0,Moderate,15,0,0,0,None ,0,NA,Both,3," 7,11,20",2,7,Sm_Scale_Drainage,"4 upstream, 4 downstream",Both ,2,Log_Jam,No ,No ,Yes,No,"Hoof punch, trampling, film on top of water",
8/14/2025,11:55,10,CM,Riparian_High_Gradient,Grass_Forb_Pine_Shrub_Sedge ,1,80,5,10,5,5,15,15,0,Low ,25,7,0,1,Sm_Scale_Drainage,3,"0, 1, 5",Stream,2,"9, 12",2,0,Sm_Scale_Drainage,0,Inside ,1,Log_Jam,Yes,Yes,Yes,No,"Severe hoof punch, trampling, grazing, bank sloughing, manure, incised","Well in_the_plot, DC along drainages outside the plot"
8/14/2025,12:07,7,CM,Riparian_High_Gradient,Forb_Grass_Shrub_Pine,15,30,20,10,5,30,15,0,0,High ,0,0,0,1,None ,0,NA,Stream,2,"in the plot, 26","2 , 1",26,Stream,0,Inside ,1,Log_Jam,No ,No ,Yes,No,Grazing,stream in plot was dry 
8/14/2025,12:21,96,CM,Other,Grass_Forb,0,12,0,30,20,10,15,0,0,High ,50,0,0,3,None ,0,NA,Stream,1,28,2,28,Stream,10 upstream,Upstream ,1,Log_Jam,Yes,No ,Yes,No,"Grazing, incised",Near FS road
8/14/2025,12:37,16,"CM
",Other,Shrub_Grass_Forb_Pine,10,15,10,25,15,8,7,0,0,Moderate,15,0,0,1,None ,0,NA,Stream,1,50,2,50,Stream,.5 upstream,Upstream ,1,Log_Jam,No ,No ,Yes,No,Grazing,Manure is old
8/14/2025,12:45,32,"CM
",Other,Shrub_Grass_Forb_Pine_DC,10,15,10,20,5,30,7,20,3,Low ,0,1,0,1,None ,0,NA,Stream,1,0,5,0,Stream,4 upstream,Upstream ,1,Log_Jam,No ,No ,Yes,No,Grazing,
8/18/2025,11:07,3,RF,Riparian_Mid_Gradient,Shrub_Pine_Grass_Forb,0,5,30,10,25,15,25,0,0,Low ,5,0,0,3,None ,0,NA,None ,0,NA,NA,NA,NA,None,NA,0,None,No ,No ,Yes,No,NA,"Manure is old, possible bear sign (munched pine cones)"
8/18/2025,11:29,6,RF,Dry,Forb_Shrub_Grass_Pine,5,25,3,10,25,15,2,0,0,Low ,10,0,0,2,None ,0,NA,None ,0,NA,NA,NA,NA,None,NA,0,None,No ,No ,Yes,Yes,NA,"Manure is old, possible cattle trail but looks old, and not frequently used"
8/18/2025,11:37,92,RF,Dry,Shrub_Fir_Forb_Grass_Pine,20,8,80,5,15,3,10,0,0,Low ,3,0,0,2,None ,0,NA,Sm_Scale_Drainage,1,43,NA,43,Sm_Scale_Drainage,4 upstream,Upstream ,1,Log_Jam,No ,No ,Yes,No,"Manure, trampling",
8/18/2025,11:56,57,RF,Riparian_Mid_Gradient, Shrub_Grass_Pine_Fir_Forb,5,10,50,8,15,40,0,0,0,None ,0,0,0,0,None ,0,NA,None ,0,NA,NA,NA,NA,None,NA,0,None,No ,No ,No ,No,NA,Wall of rock/blouders in plot 
8/18/2025,12:12,80,RF,Riparian_Mid_Gradient, Forb_Shrub_Grass,10,40,40,0,0,25,10,8,0,None ,0,0,0,0,Sm_Scale_Drainage,1,0,None ,0,NA,NA,0,Sm_Scale_Drainage,0,Inside ,1,Log_Jam,No ,No ,No ,No,"None, this plot dpesn't appear to have any cattle impact",Flower diversity is very high
8/18/2025,12:21,64,RF,Riparian_Mid_Gradient,Shrub_Forb_Fir,0,10,15,0,5,75,0,1,0,None ,0,0,0,0,Sm_Scale_Drainage,1,0,None,0,NA,NA,0,Sm_Scale_Drainage,NA,NA,NA,None,No ,No ,No ,No,"None, water is running below rocks(we are in rock field) so we can hear it running but can barely see it ",
8/18/2025,12:32,59,RF,Riparian_Mid_Gradient,Forb_Pine_Grass_DC_Fir_Shrub,3,50,5,5,10,5,3,10,35,Moderate,15,10,20,3,Sm_Scale_Drainage,1,0,None ,0,NA,NA,0,Sm_Scale_Drainage,"3 upstream, 5 downstream",Both ,2,Log_Jam,No ,No ,Yes,No,"Grazing(DC & other), hoof punch, trampling",
8/18/2025,12:58,39,RF,Riparian_Mid_Gradient,Forb_Shrub_Grass_Fir_Pine,15,30,12,5,5,12,25,10,15,Moderate,3,3,8,3,Both,2,"0, 5",None ,0,NA,3,0,Sm_Scale_Drainage,0,Inside ,1,Log_Jam,No ,No ,Yes,No,Manure is old,
8/18/2025,1:30,116,RF,Subsurface_Low_Gradient,Grass_Forb_Pine_Sedge,10,75,0,10,3,30,3,5,8,Moderate,15,5,0,2,Sm_Scale_Drainage,1,0,None ,0,NA,NA,0,Sm_Scale_Drainage,"10, 13, 17, 21 upstream",Upstream ,4,BDA,No ,No ,Yes,No,"Upstream of drainage has severe hoof punch and trampling in DC patch, manure",4 BDAs have made ground saturated making the perfect conditions for hoof punch
8/18/2025,1:46,30,RF,Subsurface_Low_Gradient,Sedge_Grass_Forb,0,95,0,3,0,0,0,2,0,Low ,15,5,0,2,Pond,1,1,Sm_Scale_Drainage,1,21,NA,1,Pond,"Adjacent to plot, 4, 8, 11 downstream",Inside ,4,BDA,No ,No ,Yes,No,"Adjacent to plot and downstream  has severe hoof punch and trampling in DC patch, manure","Well near plot, mud pits found in meadow, pond has trampling ciricle around its perimeter = possible congregation areas? "
8/18/2025,2:10,90,RF,Riparian_Mid_Gradient,Sedge_Grass_Forb_Pine_DC_Shrub,3,50,2,3,2,1,5,5,30,Moderate,25,3,25,2,Sm_Scale_Drainage,1,0,Stream,1,40,4,0,Sm_Scale_Drainage,"Log_Jam 0, 2 downstream, BDA 1, 8, 16 downstream",Inside ,5,Both,Yes,Yes,Yes,No,"Stream looks incised, and has bank sloughing, the drainage has hoof punch, trampling, grazing (DC & other), manure, 3 BDAs and 2 Log Jams","Severe trampling in DC patch, manure is old"
8/18/2025,2:21,31,RF,Riparian_Mid_Gradient,Shrub_Grass_Forb_Fir_Pine_Rush,20,25,25,1,15,35,1,10,10,Low ,10,15,1,1,Sm_Scale_Drainage,2,"0, 9",Stream,1,50,4,0,Sm_Scale_Drainage,"0, 3 upstream",Inside ,4,Both,No ,No ,Yes,Yes,"Trampling, grazing",Possible stream crossing w/ trampling and manure on rocky section of stream
8/18/2025,2:50,148,RF,Riparian_Mid_Gradient,Grass_Shrub_Forb_Pine_Sedge_DC_Fir,2,30,15,3,5,35,25,20,10,Moderate,5,0,5,1,Both,2,0,None ,0,NA,2.5,0,Both,"0, 2 downstream",Inside ,3,Both,Yes,No ,Yes,No,"Grazing, incised (starting)",
8/19/2025,8:03,83,CM,Other,Forb_Grass_Pine_Shrub,10,30,10,10,20,15,8,0,0,Moderate,0,0,0,0,Sm_Scale_Drainage ,1,1,None ,0,NA,NA,1,Sm_Scale_Drainage ,4 downstream,Downstream ,1,Log_Jam,No ,No ,Yes,No,"Grazing, trampling","Trampling outside plot, sm scale drainage is dry"
8/19/2025,8:09,104,CM,Other,Shrub_Forb_Pine_Grass,10,20,1,10,20,12,5,0,0,High ,0,0,0,1,Sm_Scale_Drainage ,1,0,None ,1,10,NA,0,Sm_Scale_Drainage ,5 downstream,Downstream ,1,Log_Jam,No ,No ,Yes,No,Grazing,sm scale drainage is dry
8/19/2025,8:16,9,CM,Other,Grass_Forb_Pine_Fir,15,8,0,15,20,5,10,0,0,Moderate,8,0,0,4,None ,0,NA,Stream,1,48,1.5,48,Stream,None,NA,0,None,No ,No ,Yes,No,"Manure, grazing",DC present along stream and Grouse found at stream
8/19/2025,8:45,134,CM,Other,Grass_Pine_Forb_Sedge_DC,0,75,0,0,0,5,0,10,10,Moderate,20,5,10,3,Sm_Scale_Drainage,1,0,Stream,1,9.5,1.5,0,Sm_Scale_Drainage,None,NA,0,None,No ,No ,Yes,No,"Grazing, trampling, hoof punch, manure",
8/19/2025,8:54,122,CM,Other,Forb_Grass_Pine_DC_Sedge,5,85,0,0,3,8,3,10,8,High ,50,3,10,3,Sm_Scale_Drainage,2,0,None ,0,NA,NA,0,Sm_Scale_Drainage,15 upstream,Upstream ,1,Log_Jam,No ,No ,Yes,No,"Hoof punch, trampling, manure, grazing (DC & other)",Plot heavily impacted by cattle
8/19/2025,8:26,27,CM,Other,Forb_Grass_Pine,20,25,0,5,20,18,10,0,0,High ,5,0,0,5,None ,0,NA,Stream,1,50,1.5,50,Stream,2 downstream,Downstream ,1,Log_Jam,No ,Yes,Yes,No,"Manure, grazing, bank sloughing (starting), incision (starting), trampling",Plot near FS road
8/19/2025,8:36,20,CM,Other,Pine_Forb_Grass,0,8,0,30,15,15,5,0,0,Moderate,5,0,0,4,None ,0,NA,Stream,1,33,1.5,33,Stream,"3 downstream, 5 upstream",Both ,2,Log_Jam,No ,Yes,Yes,No,"Manure, grazing, trampling, incision (starting), bank sloughing (starting)","Plot near FS road, DC on stream"
8/19/2025,9:13,124,CM,Other,Grass_Sedge_Pine_Forb_Shrub,5,65,3,5,1,25,5,15,0,Moderate,30,10,0,1,Sm_Scale_Drainage,1,0,Stream,2,"20, 15",1.5,0,Sm_Scale_Drainage,None,NA,0,None,No ,No ,Yes,No,"Hoof punch, trampling, amure, grazing","Plot (area of meadow) heavily impacted, DC present near drainage outside plot"
8/19/2025,9:38,85,CM,Riparian_High_Gradient,Pine_Grass_Shrub_Forb,15,70,10,20,5,5,3,1,0,High ,8,5,0,5,Sm_Scale_Drainage,2,"0.5, 1.5",None ,0,NA,NA,0.5,Sm_Scale_Drainage,None,NA,0,None,No ,Yes,Yes,No,"Crossing point w/ hoof punch, trampling, grazing, bank sloughing, maure",Cows in meadow 
RESAMPLING,,,,,,,,,,,,,,,,,,,,,,,,,,,,,,,,,,,,,,
9/8/2025,1:05,81,CM,Discharge_Slope,Sedge_Grass_Forb_Shrub_Pine_DC,0,60,2,5,0,1,0,25,20,High,10,2,15,3,Both,3,0,None ,0,NA,1.5,0,Both,None,NA,0,None,No ,No ,Yes,No,"Hoof punch, grazing, trampling, DC munched ",
9/8/2025,1:17,118,CM,Discharge_Slope,Pine_Grass_Forb_DC_Sedge,1,60,5,5,15,15,0,1,7,High,15,4,3,3,Sm_Scale_Drainage,1,0,None,0,NA,NA,0,Sm_Scale_Drainage,None,NA,0,None,No ,No ,Yes,Yes,"Hoof punch, trampling, grazing",Possible stream crossing
9/8/2025,1:28,99,CM,Depressional_Seasonal,Forb_Pine_Grass_Shrub_Fir,15,25,5,10,20,10,10,0,0,High,0,0,0,4,Sm_Scale_Drainage ,1,0,None,0,NA,NA,0,Sm_Scale_Drainage,None,NA,0,None,Yes,No ,No ,No,Incised,sm scale driange is dry
9/8/2025,1:37,18,CM,Discharge_Slope,Pine_Shrub_Grass_Forb,20,20,25,10,20,1,15,0,0,High,15,0,0,2,Stream,1,0.5,None ,0,NA,2,0.5,Stream,plot_adjacent ,Inside ,1,Log_Jam,Yes,No ,Yes,No,"Incised, grazing ",
9/8/2025,1:52,85,CM,Riparian_High_Gradient ,Grass_Shrub_Pine_Forb,5,40,10,5,20,10,7,0,0,High,10,0,0,7,Sm_Scale_Drainage ,1,0,None ,0,NA,NA,0,Sm_Scale_Drainage,None,NA,0,None,No ,Yes,Yes,No,"Bank sloughing, hoof punch(old), trampling, grazing",sm sclae driange is dry 
9/8/2025,2:12,22,CM,Riparian_High_Gradient ,"Grass, pine, sedge, forb",0,80,0,5,3,7,5,0,0,Moderate ,10,0,0,3,Sm_Scale_Drainage ,1,0,None ,0,NA,NA,0,Sm_Scale_Drainage,NA,NA,NA,None,No ,No ,Yes,No,"Hoof punch, trampling ",sm sclae driange is dry 
9/8/2025,2:21,97,CM,Riparian_High_Gradient ,Grass_Forb_Sedge ,0,80,0,8,0,10,2,0,0,High,5,0,0,4,Sm_Scale_Drainage ,1,0,None,0,NA,NA,0,Sm_Scale_Drainage,None,NA,0,None,No ,No ,Yes,No,"Trampling, hoof punch",sm sclae driange is dry 
9/8/2025,2:30,109,CM,Riparian_High_Gradient ,Grass_Pine_Forb_Shrub,15,20,1,5,10,15,1,20,0,High,5,0,0,1,Stream,1,0,None,0,NA,2,0,Stream,10 upstream,Upstream ,1,Log_Jam,No ,Yes,Yes,No,"Bank sloughing, trampling, manure, grazing",
9/8/2025,2:46,144,CM,Riparian_High_Gradient ,Fir_Shrub_Grass_Forb_Pine,10,20,5,10,10,7,3,0,0,High,0,0,0,4,Sm_Scale_Drainage,1,1,None,0,NA,NA,1,Sm_Scale_Drainage,8 downstream,Downstream ,1,Log_Jam,No ,No ,Yes,No,"hoof punch, trampling, grazing",near cattle exclusions 
9/8/2025,3:00,47,CM,Riparian_High_Gradient ,Grass_Forb_DC_Pine ,15,70,0,0,10,7,3,10,5,High,10,7,20,4,Sm_Scale_Drainage,1,0,None,0,NA,Na,0,Sm_Scale_Drainage,0,Inside ,1,Log_Jam,No ,No ,Yes,No,"hoof punch, trampling",
9/8/2025,3:09,41,CM,Riparian_High_Gradient ,Shrub_Grass_Pine_Forb,10,15,20,5,10,20,10,15,0,High,15,1,0,1,Stream,2,0,None,0,NA,"2, 2",0,Stream,NA,NA,0,None,No ,No ,Yes,No,"Grazing, trampling, hoof punch",Stream splits into 2 above plot then rejoins after
9/8/2025,3:19,36,CM,Riparian_High_Gradient ,Grass_Forb_Pine_Fir ,1,15,0,10,5,20,30,0,0,Low,5,0,0,0,None,0,NA,None,0,NA,NA,NA,NA,NA,NA,0,None,No ,No ,No ,No,,
9/8/2025,3:31,23,CM,Riparian_High_Gradient ,Grass_Forb_Pine_Fir,15,10,0,5,15,5,10,0,0,High,10,0,0,3,Sm_Scale_Drainage,1,5,Stream,1,10,5,5,Sm_Scale_Drainage,3 downstream,Downstream ,1,Log_Jam,No ,No ,Yes,No,"hoof punch, trampling, manure, grazing",
9/8/2025,3:45,19,CM,Other,Forb_Grass_Sedge ,0,85,0,5,1,7,10,0,0,Moderate ,5,0,0,4,None ,0,NA,Sm_Scale_Drainage,1,10,NA,10,Sm_Scale_Drainage,.5 upstream,Upstream,1,Log_Jam,No ,No ,Yes,No,"trampling, hoof punch ",
9/8/2025,3:52,124,CM,Other,Grass_Pine_Sedge_Shrub_Forb,5,75,2,1,1,25,10,15,0,Moderate ,10,2,0,2,Sm_Scale_Drainage,1,0,None,0,NA,NA,0,Sm_Scale_Drainage,5 downstream,Downstream,1,Log_Jam,No ,No ,Yes,No,"Hoof punch, trampling, manure",
9/8/2025,4:00,134,CM,Other,Pine_Grass_Forb_Sedge_DC,0,85,0,0,0,5,5,10,15,Low,10,7,5,3,Sm_Scale_Drainage,2,0,None,0,NA,NA,0,Sm_Scale_Drainage,0,Inside ,1,Log_Jam,No ,No ,Yes,No,"Hoof punch, trampling, grazing ",
9/8/2025,4:09,27,CM,Other,Forb_Pine_Shrub_Grass,20,15,2,15,25,15,15,0,0,High,10,0,0,4,None,0,NA,None,0,NA,NA,NA,NA,NA,NA,NA,None,No ,No ,No ,No,NA,
9/8/2025,4:15,104,CM,Other,Forb_Grass_Pine,10,15,0,5,20,15,5,0,0,High,0,0,0,2,Sm_Scale_Drainage ,1,0,None,0,NA,NA,0,Sm_Scale_Drainage,NA,NA,NA,None,No ,No ,Yes,No,Grazing ,sm scale drianage is dry 
9/8/2025,4:22,96,CM,Other,Pine_Shrub_Forb_Grass_Cedar,5,5,1,30,10,20,15,0,0,Moderate ,7,0,0,2,None,0,NA,None,0,NA ,NA,NA ,NA,NA,NA,NA,None,No ,No ,No ,No,,
9/8/2025,4:30,7,CM,Riparian_High_Gradient ,Shrub_Grass_Forb_Pine,15,15,20,10,15,25,5,0,0,High,1,0,0,2,Stream,1,0,None ,0,NA,2,0,Stream,.5 down,Downstream ,1,Log_Jam,No ,No ,Yes,No,Grazing,
09/09//25,9:55,84,CM,Dry, Shrub_Grass_Pine_Fir_Forb,1,15,25,10,15,20,7,0,0,High,5,0,0,5,Sm_Scale_Drainage,1,0.5,None,0,NA,NA,0.5,Sm_Scale_Drainage,NA,NA,NA,None,No ,No ,Yes,No,"Hoof punch, grazing, trampling",
9/9/2025,10:13,38,CM,Dry,Shrub_Grass_Forb_Pine_Fir_DC,30,25,10,0,20,3,5,5,15,High,25,10,30,6,Sm_Scale_Drainage,1,0,None,0,NA,NA,0,Sm_Scale_Drainage,NA,NA,NA,None,No ,No ,Yes,No,"Hoof punch, manure, trampling, grazing ",
09/09//25,10:25,48,CM,Dry,Forb_DC_Grass_Pine_Rush,3,50,0,0,7,1,0,10,40,Low,30,25,30,1,Sm_Scale_Drainage,1,0,None,0,NA,NA,0,Sm_Scale_Drainage,NA,NA,NA,None,No ,No ,Yes,No,"Hoof punch, trampling, grazing",Oranage film present
9/9/2025,10:51,86,CM,Dry,Pine_Shrub_Grass_Forb,10,12,10,3,25,15,30,0,0,Low,0,0,0,2,None,0,NA,None,0,NA,NA,NA,NA,NA,NA,NA,None,No ,No ,No ,No,NA,Near FS road
09/09//25,11:03,69,CM,Other,Fir_Pine_Forb_Grass,5,20,0,15,15,10,10,7,0,High,20,0,0,1,Stream,1,0,None ,0,NA,4,0,Stream,NA,NA,NA,None,No ,No ,Yes,Yes,"Grazing, trampling, slight incisions",Cattle trail near plot 
9/9/2025,11:14,72,CM,Other,Grass_Shrub_Pine_Forb_Cedar,5,40,3,3,30,10,0,0,0,High,0,0,0,0,None,0,NA,None,0,NA,NA,NA,NA,NA,NA,NA,None,No ,No ,No ,No,,FS road through plot
9/9/2025,11:24,21,CM,Other,Pine_Shrub_Forb_Grass,10,15,10,10,15,20,10,0,0,High,0,0,0,1,Stream,1,0.5,None ,0,NA,3,0.5,Stream,"10, 15 upstream",Upstream,2,Log_Jam,No ,Yes,Yes,No,"Grazing, bank sloughing (starting)",
9/9/2025,12:24,49,CM,Discharge_Slope,Grass_Shrub_Forb_Cedar,3,10,2,15,80,0,3,0,0,Moderate ,20,0,0,12,None ,0,NA,Sm_Scale_Drainage,1,20,NA,20,Sm_Scale_Drainage,NA,NA,NA,None,No ,No ,Yes,No,"Trampling, hoof punch, manure",
9/9/2025,12:53,68,CM,Discharge_Slope,Shrub_Grass_Forb_Cedar,3,10,20,0,35,25,7,0,0,Low,0,0,0,1,None ,0,NA,Sm_Scale_Drainage,1,15,NA,15,Sm_Scale_Drainage,NA,NA,NA,None,No ,No ,Yes,No,"Trampling, hoof punch, manure",
9/9/2025,1:07,142,CM,Discharge_Slope,Shrub_Forb_Rush_DC_Grass_Pine_Sedge_Fir_Cedar,0,45,20,1,10,5,0,5,20,Low,15,1,5,2,Sm_Scale_Drainage,1,0,Stream,1,30,5,0,Sm_Scale_Drainage,15,NA,1,Log_Jam,No ,No ,No ,No,"hoof punch, trampling",
9/9/2025,2:10,130,CM,Subsurface_Mid_Gradient,Forb_Grass_Pine_Shrub_Sedge ,5,45,3,2,10,0,7,8,20,High,15,10,15,5,Sm_Scale_Drainage,1,0,Stream,1,NA,NA,0,Sm_Scale_Drainage,NA,NA,NA,None,No ,No ,Yes,Yes,"none on stream but sm scale drainge has hoof punch, trampling, grazing, manure ",Near system of cattle trails 
9/9/2025,2:35,143,CM,Dry,Shrub_Forb_Grass_Pine,10,30,5,10,20,3,7,0,0,High,0,0,0,0,None,0,NA,Stream,1,NA,NA,NA,Stream,NA,NA,2,Log_Jam ,No ,No ,Yes,No,"grazing, trampling",
9/9/2025,3:30,52,CM,Other,Grass_Forb_Sedge ,0,90,0,10,1,1,0,10,0,Low,2,3,0,0,Sm_Scale_Drainage,1,0,Stream,1,NA,NA,0,Sm_Scale_Drainage,NA,NA,NA,None,No ,No ,No ,No,,still relatively untouched but slightl;y more impact than before 
9/9/2025,3:48,2,CM,Discharge_Slope,Shrub_Grass_Forb_Pine_Cedar_Fir,25,7,5,0,75,4,1,0,5,Moderate ,3,2,0,0,Sm_Scale_Drainage,1,0,None ,0,NA,NA,0,Sm_Scale_Drainage,NA,NA,NA,None,No ,No ,Yes,No,"hoof punch, trampling, grazing",
9/9/2025,4:07,113,CM,Dry,Forb_Grass_Shrub_Cedar,0,20,10,15,10,20,1,0,0,Moderate ,10,0,0,3,None ,0,NA,None,0,NA,NA,NA,NA,NA,NA,NA,None,No ,No ,No ,No,,Near FS road 
9/9/2025,4:17,126,CM,Dry,Pine_Grass_Forb,0,20,0,15,15,15,10,0,0,High,0,0,0,0,None,0,NA,Stream,1,30,5,30,Stream,NA,NA,NA,None,No ,No ,No ,Yes,,Near FS road that's by thr stream crossing 
9/10/2025,8:40,12,RF,Riparian_Mid_Gradient,Shrub_Grass_Forb_Fir,10,30,25,10,30,20,5,0,0,Moderate ,0,0,0,0,Sm_Scale_Drainage,1,0,Stream ,1,30,NA,0,Sm_Scale_Drainage,NA,NA,2,Both,No ,No ,Yes,No,"Manure, trampling",BDA on sm scale drainage
9/10/2025,8:50,112,RF,Riparian_Mid_Gradient,Grass_Sedge_Forb_Shrub,5,75,3,3,5,3,5,10,3,High,20,10,0,3,Sm_Scale_Drainage,1,0,None,0,NA,NA,0,Sm_Scale_Drainage,"1 down, 3 up",Both,2,Log_Jam,No ,No ,Yes,No,"hoof punch, trampling",
9/10/2025,8:58,1,RF,Riparian_Mid_Gradient, Shrub_Grass_Pine_Fir_Forb,40,3,30,0,40,25,10,0,0,Low,0,0,0,0,None,0,NA,Both,2,"10, 15",5,10,Sm_Scale_Drainage,"10 up, 8 down",Both ,2,Log_Jam,No ,No ,Yes,Yes,"Grazing, hoof punmch, trampling, manure",Approx. 12m upstream is a cattle stream crossing above Log_Jam 
9/10/2025,9:31,39,RF,Riparian_Mid_Gradient,Grass_Shrub_Forb_DC_Pine_Fir,5,60,12,10,3,25,20,5,3,None,5,0,30,0,Stream,1,5,None,0,NA,4,5,Stream,NA,NA,NA,None,No ,No ,Yes,No,Grazing ,
9/10/2025,9:43,64,RF,Riparian_Mid_Gradient,Shrub_Forb_Fir,0,5,25,0,0,75,0,0,0,None,0,0,0,0,Stream,1,0,None,0,NA,NA,0,Stream,NA,NA,NA,None,No ,No ,No ,No,Cannot see the stream,Stream is running below rock feild 
9/15/2025,2:39,78,RF,Riparian_Mid_Gradient,Shrub_Fir,30,0,5,7,80,5,3,0,0,None,12,0,1,6,None,0,NA,Stream ,1,50,3,50,Stream ,50,NA,1,Log_Jam,No ,No ,Yes,Yes,Grazing,possible cattle trail through plot
9/15/2025,2:48,148,RF,Riparian_Mid_Gradient,Shrub_Forb_DC_Grass_Pine,0,50,10,7,3,15,0,5,5,High,10,3,50,2,Both,2,"0, 2",None,0,NA,3,0,Sm_Scale_Drainage,plot_adjacent ,Inside ,1,Log_Jam ,No ,No ,Yes,No,"grazing, hoof punch, trampling ",
9/15/2025,2:59,76,RF,Riparian_Mid_Gradient,Shrub_Grass_Forb,10,5,7,40,30,15,3,0,0,Low,15,0,0,8,None,0,NA,Both,2,"12, 15",2,12,Sm_Scale_Drainage,1 downstream ,Downstream,1,Log_Jam ,No ,No ,Yes,Yes,"hoof punch, trampling, grazing, DC present ",Cattle trail through plot 
9/15/2025,3:09,37,RF,Riparian_Mid_Gradient,Grass_Forb_Pine_Fir,10,25,1,40,30,5,1,0,0,High,25,0,0,12,Sm_Scale_Drainage,2,"1.5, 10",Stream ,1,15,1.5,1.5,Sm_Scale_Drainage,NA,NA,0,None,No ,No ,Yes,No,"trampling, hoof punch","DC present along drainage, algae in drainage "
9/15/2025,3:42,138,RF,Riparian_Mid_Gradient,Grass_Pine_Forb,15,30,0,10,10,0,25,25,0,Moderate ,30,10,0,10,Sm_Scale_Drainage,1,0,None,0,NA,NA,0,Sm_Scale_Drainage,0,Inside ,1,Log_Jam,No ,No ,Yes,No,"Trampling, grazing, hoof punch",film present in stagnent water
9/15/2025,3:51,17,RF,Riparian_Mid_Gradient,Grass_Forb_Pine,0,60,0,5,2,5,25,0,0,High,15,0,0,10,Sm_Scale_Drainage,1,0,None,0,NA,NA,0,Sm_Scale_Drainage,5 upstream,Upstream,1,Log_Jam,No ,No ,Yes,No,"Hoof punch, trampling, grazing ",sm scale drainage is dry 
